INSERT INTO [User] VALUES (N'user0', N'pass0', N'Lori Ortiz', N'65050 Adam Park Suite 249
South Peter, NE 45678', N'432.686.4178', N'as');
INSERT INTO [User] VALUES (N'user1', N'pass1', N'Julian Powell', N'791 Adam Mill
Willismouth, IN 27814', N'(446)669-1864x1056', N'plan');
INSERT INTO [User] VALUES (N'user2', N'pass2', N'Johnathan Velez', N'386 Mitchell Rest
Ewingburgh, TN 42699', N'(153)009-3325x8476', N'improve');
INSERT INTO [User] VALUES (N'user3', N'pass3', N'Lisa Knox', N'211 Amber Bypass
West Jillland, MI 95150', N'+1-748-421-6964x7536', N'trouble');
INSERT INTO [User] VALUES (N'user4', N'pass4', N'David Warner', N'USS Ferguson
FPO AE 91268', N'0672084400', N'stay');
INSERT INTO [User] VALUES (N'user5', N'pass5', N'Kayla Acevedo', N'13256 Bell View
North Timothy, DC 76044', N'+1-065-812-2373', N'measure');
INSERT INTO [User] VALUES (N'user6', N'pass6', N'Kenneth Jones', N'PSC 1057, Box 7228
APO AP 56640', N'043-975-6159', N'nearly');
INSERT INTO [User] VALUES (N'user7', N'pass7', N'Carly Johnson', N'80540 Kathryn Meadow Apt. 232
West Maria, NJ 07781', N'001-551-699-8585x59367', N'will');
INSERT INTO [User] VALUES (N'user8', N'pass8', N'David Liu', N'1658 David Gateway Apt. 732
Wellsburgh, TX 70291', N'183-358-1334x5723', N'character');
INSERT INTO [User] VALUES (N'user9', N'pass9', N'Chris Beasley DDS', N'88791 Branch Overpass
North Kimberly, RI 50201', N'(260)279-6941x313', N'without');
INSERT INTO [User] VALUES (N'user10', N'pass10', N'Trevor Cooper', N'1265 Ashley Fork
Andersonmouth, NH 93756', N'720.823.8008', N'health');
INSERT INTO [User] VALUES (N'user11', N'pass11', N'Trevor Hogan', N'860 Brett Club
Timothyport, AZ 22542', N'001-820-421-0510x95705', N'throughout');
INSERT INTO [User] VALUES (N'user12', N'pass12', N'Karen Petersen', N'0095 Kathryn Ranch Suite 604
South Angelamouth, NY 36550', N'(462)770-8174x1610', N'guess');
INSERT INTO [User] VALUES (N'user13', N'pass13', N'Matthew Carpenter', N'9212 Tracy Camp Apt. 731
South David, WY 28092', N'(860)903-6313', N'stay');
INSERT INTO [User] VALUES (N'user14', N'pass14', N'Kristi Martinez', N'54554 Molly Ferry
West Leonard, OR 52871', N'(978)755-3652x19390', N'hard');
INSERT INTO [User] VALUES (N'user15', N'pass15', N'Jennifer Davis', N'3274 Christina Canyon Suite 114
North Jessicaside, MD 73315', N'614.591.1032x23825', N'house');
INSERT INTO [User] VALUES (N'user16', N'pass16', N'Nicholas Adams', N'779 Frederick Road
South Lisaside, TX 64064', N'+1-416-687-4182x387', N'not');
INSERT INTO [User] VALUES (N'user17', N'pass17', N'Shannon Flores', N'95996 Rodgers Gateway
Lake Scott, GA 66734', N'877-011-7003', N'sister');
INSERT INTO [User] VALUES (N'user18', N'pass18', N'Todd Heath', N'515 Vance Branch
New Vincentview, OK 23814', N'001-134-479-6417', N'course');
INSERT INTO [User] VALUES (N'user19', N'pass19', N'Ryan Hayes', N'73712 Chan Springs Suite 404
South Brian, DC 72674', N'001-774-779-8536x2504', N'month');
INSERT INTO [User] VALUES (N'user20', N'pass20', N'Mark Miller', N'PSC 6887, Box 4730
APO AP 38482', N'(269)977-6340', N'her');
INSERT INTO [User] VALUES (N'user21', N'pass21', N'David Parker', N'5914 Jeremy Parkway Suite 228
Lake Dennisburgh, OK 30798', N'106.059.5641x0911', N'million');
INSERT INTO [User] VALUES (N'user22', N'pass22', N'William Mcdaniel', N'805 Michael Well
Mitchellmouth, VT 00957', N'+1-221-870-0625x99084', N'need');
INSERT INTO [User] VALUES (N'user23', N'pass23', N'Nicolas Harvey', N'PSC 4299, Box 9700
APO AP 11317', N'9609270469', N'those');
INSERT INTO [User] VALUES (N'user24', N'pass24', N'Derrick Sellers', N'467 Brown Summit Apt. 015
Lake Phyllis, PA 26581', N'(173)925-7312', N'he');
INSERT INTO [User] VALUES (N'user25', N'pass25', N'Colton Serrano', N'3631 Jones Rapid
North Phillipshire, NM 50996', N'765-530-5410', N'fund');
INSERT INTO [User] VALUES (N'user26', N'pass26', N'Rebecca Smith', N'66441 Richardson Pines
Lisaside, NV 53142', N'8897422938', N'water');
INSERT INTO [User] VALUES (N'user27', N'pass27', N'Deborah Price', N'948 Perez Fords Suite 131
Christinamouth, AL 43647', N'(664)046-4828', N'cultural');
INSERT INTO [User] VALUES (N'user28', N'pass28', N'Teresa Ford', N'29350 Peters Terrace
South Christopher, VT 42493', N'948.224.9731', N'bad');
INSERT INTO [User] VALUES (N'user29', N'pass29', N'Mrs. Deborah Moyer', N'270 Robinson Falls
South Anthonyburgh, DC 37622', N'+1-779-460-3463x0897', N'production');
INSERT INTO [User] VALUES (N'user30', N'pass30', N'Robert Watts', N'8532 Katherine Harbors Apt. 296
East Nicole, HI 68846', N'001-839-824-7635x28978', N'pass');
INSERT INTO [User] VALUES (N'user31', N'pass31', N'Ian Bradley', N'990 Elizabeth Station Suite 563
Port Jessica, OH 20173', N'590.725.6292', N'woman');
INSERT INTO [User] VALUES (N'user32', N'pass32', N'Zachary Davis', N'USS Edwards
FPO AE 88800', N'+1-845-545-6562x386', N'pass');
INSERT INTO [User] VALUES (N'user33', N'pass33', N'Kristina Curry', N'436 Thompson Shores
Port Tylerstad, MS 98621', N'(579)230-1772', N'camera');
INSERT INTO [User] VALUES (N'user34', N'pass34', N'Andrew Smith', N'3353 Zamora Trail
Port Mistychester, SD 53736', N'(241)800-1875', N'every');
INSERT INTO [User] VALUES (N'user35', N'pass35', N'James Martinez', N'3549 Ochoa Knoll Suite 873
Smithbury, ID 09407', N'478.352.6191x59304', N'cover');
INSERT INTO [User] VALUES (N'user36', N'pass36', N'Karl Wagner', N'PSC 5474, Box 9295
APO AA 58227', N'001-878-637-7592x7052', N'finish');
INSERT INTO [User] VALUES (N'user37', N'pass37', N'Katherine Rivas', N'154 Gardner Square
Lake Anne, MA 47669', N'558-819-6765x0590', N'event');
INSERT INTO [User] VALUES (N'user38', N'pass38', N'Ryan Horn', N'135 Hansen Vista Suite 312
Lake Adamton, AR 68520', N'001-038-266-0291x87470', N'during');
INSERT INTO [User] VALUES (N'user39', N'pass39', N'Mark Brown', N'PSC 0372, Box 8673
APO AA 39249', N'001-315-032-9105x8191', N'respond');
INSERT INTO [User] VALUES (N'user40', N'pass40', N'Amy Lopez', N'44062 Little Station Suite 543
Ericville, CO 58463', N'(067)956-0524', N'stand');
INSERT INTO [User] VALUES (N'user41', N'pass41', N'Henry Martin', N'454 Angela Village Apt. 515
New Alicia, VA 84389', N'074-106-5983x671', N'seven');
INSERT INTO [User] VALUES (N'user42', N'pass42', N'Olivia Freeman', N'83682 Steve Club
Port Thomasshire, NJ 43418', N'575-866-1374x6638', N'billion');
INSERT INTO [User] VALUES (N'user43', N'pass43', N'Lauren Garza', N'376 Patricia Row
North Sharonport, FL 67550', N'596-730-5244x92529', N'like');
INSERT INTO [User] VALUES (N'user44', N'pass44', N'Cathy Olsen', N'519 Jones Turnpike Suite 127
Gomezstad, CA 35886', N'881-926-1880', N'pressure');
INSERT INTO [User] VALUES (N'user45', N'pass45', N'Taylor Wilson', N'9743 Wyatt Plaza Apt. 636
Lake Denise, TN 98570', N'0964357649', N'name');
INSERT INTO [User] VALUES (N'user46', N'pass46', N'Rebecca Spencer', N'00469 Garrison Glen
West Andrew, OH 67632', N'(317)207-0697x7795', N'several');
INSERT INTO [User] VALUES (N'user47', N'pass47', N'Nicholas Schroeder', N'949 Jessica Orchard
Johnland, CT 66465', N'744-874-0424x730', N'other');
INSERT INTO [User] VALUES (N'user48', N'pass48', N'Michelle Garcia', N'PSC 3009, Box 9161
APO AA 34011', N'896-387-3623x2383', N'boy');
INSERT INTO [User] VALUES (N'user49', N'pass49', N'Susan Gibson', N'69470 Rivera Divide Suite 215
Phillipbury, CO 35595', N'903.684.0101x24261', N'let');
INSERT INTO Company VALUES (1, N'Brennan LLC');
INSERT INTO Company VALUES (2, N'Bryant, Parker and Jackson');
INSERT INTO Company VALUES (3, N'Kim-Jenkins');
INSERT INTO Company VALUES (4, N'Henry, Bowers and Smith');
INSERT INTO Company VALUES (5, N'Brennan-Barajas');
INSERT INTO Company VALUES (6, N'Mccarthy PLC');
INSERT INTO Company VALUES (7, N'Taylor Ltd');
INSERT INTO Company VALUES (8, N'Snow-Flores');
INSERT INTO Company VALUES (9, N'Wright, Lewis and Cameron');
INSERT INTO Company VALUES (10, N'Johnson-Jensen');
INSERT INTO Company VALUES (11, N'Rodriguez-Smith');
INSERT INTO Company VALUES (12, N'Price-Flores');
INSERT INTO Company VALUES (13, N'Miles, Mitchell and Haley');
INSERT INTO Company VALUES (14, N'Nelson-Vargas');
INSERT INTO Company VALUES (15, N'Rhodes, Reynolds and Bush');
INSERT INTO Company VALUES (16, N'Hunt PLC');
INSERT INTO Company VALUES (17, N'Guerrero-Jackson');
INSERT INTO Company VALUES (18, N'Bowers-Mcgee');
INSERT INTO Company VALUES (19, N'Graham-Cherry');
INSERT INTO Company VALUES (20, N'Anthony, Ramirez and Howard');
INSERT INTO Model VALUES (1, 13, N'MDL-9084', 10);
INSERT INTO Model VALUES (2, 13, N'MDL-7900', 77);
INSERT INTO Model VALUES (3, 12, N'MDL-9683', 60);
INSERT INTO Model VALUES (4, 13, N'MDL-8252', 42);
INSERT INTO Model VALUES (5, 2, N'MDL-2993', 47);
INSERT INTO Model VALUES (6, 16, N'MDL-9519', 82);
INSERT INTO Model VALUES (7, 3, N'MDL-5079', 33);
INSERT INTO Model VALUES (8, 1, N'MDL-4594', 86);
INSERT INTO Model VALUES (9, 14, N'MDL-5255', 42);
INSERT INTO Model VALUES (10, 15, N'MDL-8455', 60);
INSERT INTO Model VALUES (11, 14, N'MDL-8527', 70);
INSERT INTO Model VALUES (12, 13, N'MDL-7387', 53);
INSERT INTO Model VALUES (13, 7, N'MDL-6725', 49);
INSERT INTO Model VALUES (14, 5, N'MDL-4217', 18);
INSERT INTO Model VALUES (15, 2, N'MDL-9589', 38);
INSERT INTO Model VALUES (16, 17, N'MDL-5206', 37);
INSERT INTO Model VALUES (17, 17, N'MDL-4065', 58);
INSERT INTO Model VALUES (18, 3, N'MDL-9757', 97);
INSERT INTO Model VALUES (19, 13, N'MDL-7349', 66);
INSERT INTO Model VALUES (20, 12, N'MDL-4109', 28);
INSERT INTO Model VALUES (21, 14, N'MDL-1039', 56);
INSERT INTO Model VALUES (22, 4, N'MDL-7051', 16);
INSERT INTO Model VALUES (23, 17, N'MDL-1444', 35);
INSERT INTO Model VALUES (24, 5, N'MDL-7045', 38);
INSERT INTO Model VALUES (25, 8, N'MDL-7162', 50);
INSERT INTO Model VALUES (26, 6, N'MDL-2158', 90);
INSERT INTO Model VALUES (27, 6, N'MDL-5472', 95);
INSERT INTO Model VALUES (28, 14, N'MDL-2223', 15);
INSERT INTO Model VALUES (29, 8, N'MDL-1976', 16);
INSERT INTO Model VALUES (30, 11, N'MDL-3793', 15);
INSERT INTO Model VALUES (31, 1, N'MDL-3959', 90);
INSERT INTO Model VALUES (32, 17, N'MDL-3120', 97);
INSERT INTO Model VALUES (33, 7, N'MDL-4206', 73);
INSERT INTO Model VALUES (34, 3, N'MDL-7247', 100);
INSERT INTO Model VALUES (35, 20, N'MDL-2094', 51);
INSERT INTO Model VALUES (36, 5, N'MDL-4188', 50);
INSERT INTO Model VALUES (37, 10, N'MDL-9909', 76);
INSERT INTO Model VALUES (38, 7, N'MDL-1885', 92);
INSERT INTO Model VALUES (39, 3, N'MDL-1598', 21);
INSERT INTO Model VALUES (40, 1, N'MDL-7879', 57);
INSERT INTO Model VALUES (41, 2, N'MDL-5630', 22);
INSERT INTO Model VALUES (42, 9, N'MDL-1052', 67);
INSERT INTO Model VALUES (43, 4, N'MDL-5199', 57);
INSERT INTO Model VALUES (44, 10, N'MDL-5240', 79);
INSERT INTO Model VALUES (45, 14, N'MDL-7869', 10);
INSERT INTO Model VALUES (46, 5, N'MDL-1511', 71);
INSERT INTO Model VALUES (47, 9, N'MDL-6570', 63);
INSERT INTO Model VALUES (48, 2, N'MDL-6504', 28);
INSERT INTO Model VALUES (49, 3, N'MDL-5782', 43);
INSERT INTO Model VALUES (50, 9, N'MDL-9538', 10);
INSERT INTO Customer VALUES (1, N'Brandon Long', N'+1-098-262-2544', N'carl11@johnson-bennett.com', N'34489 Linda Pike
Perkinsville, SD 41558');
INSERT INTO Customer VALUES (2, N'Dr. Jacqueline Oneal DDS', N'3259243699', N'greenjennifer@yahoo.com', N'06693 Brown Plains Apt. 569
West Moniqueberg, ID 80041');
INSERT INTO Customer VALUES (3, N'Sara Hess', N'236-035-3202', N'howardbrandon@yahoo.com', N'347 Patterson Cape
South Christina, CA 90304');
INSERT INTO Customer VALUES (4, N'Mrs. Deborah Cooper', N'(602)751-7629', N'matthew32@casey.biz', N'USS Gilbert
FPO AP 98336');
INSERT INTO Customer VALUES (5, N'Timothy Sherman', N'+1-979-432-2446', N'elizabethdeleon@brooks.info', N'3702 Snyder Road Apt. 837
New Vanessafurt, MN 00917');
INSERT INTO Customer VALUES (6, N'Kristina Hess', N'001-776-673-8608x20327', N'fmitchell@yahoo.com', N'75860 Russell Mountains Apt. 807
East Kathleen, SC 67347');
INSERT INTO Customer VALUES (7, N'Antonio Brooks', N'699.389.9686', N'davilatravis@yahoo.com', N'374 Henry Courts Apt. 641
West Lee, KY 12194');
INSERT INTO Customer VALUES (8, N'Clayton Roberts', N'558.399.4943x192', N'randyrodriguez@rush.net', N'194 Todd Bypass
Mirandatown, ID 37751');
INSERT INTO Customer VALUES (9, N'Melinda Fischer', N'824.145.8412', N'brandon63@pollard-arnold.org', N'158 Mcdaniel Mews Apt. 943
South Bruceview, OH 53504');
INSERT INTO Customer VALUES (10, N'Jennifer Duran', N'+1-767-816-5967', N'lwebb@cabrera.biz', N'6634 Alexander Highway
Lake Beverlyview, NE 36982');
INSERT INTO Customer VALUES (11, N'Paul Frazier', N'9155655212', N'austinwolf@gmail.com', N'8831 Miranda Rest
Lake Michaelmouth, MN 30140');
INSERT INTO Customer VALUES (12, N'Scott Everett', N'9399625462', N'ndonovan@gmail.com', N'USNV Simpson
FPO AE 83713');
INSERT INTO Customer VALUES (13, N'Justin Martin', N'(469)989-1780', N'xolson@yahoo.com', N'PSC 4443, Box 8340
APO AP 13578');
INSERT INTO Customer VALUES (14, N'Brett Clarke', N'246.473.6472', N'thorntongeorge@krueger.info', N'924 Valerie Mountains Apt. 460
South Stacy, IL 27948');
INSERT INTO Customer VALUES (15, N'Karen Gardner', N'+1-660-546-8827x12336', N'jennifercarter@kim.com', N'4176 John Neck Suite 218
North Sean, KS 84078');
INSERT INTO Customer VALUES (16, N'Jonathan Brown', N'246.590.4491x894', N'christian25@yahoo.com', N'129 Baker Lake
Port Beth, WV 36946');
INSERT INTO Customer VALUES (17, N'Taylor Diaz', N'4617805275', N'wilsonjennifer@murphy-roberts.com', N'085 Marshall Track Apt. 327
North Johnberg, OR 02669');
INSERT INTO Customer VALUES (18, N'John Diaz', N'083.927.8054x5756', N'dustin96@gmail.com', N'PSC 7223, Box 6225
APO AE 11166');
INSERT INTO Customer VALUES (19, N'Louis Harris', N'653-699-7027', N'watkinsbrittany@bradshaw-welch.org', N'61893 Michael Valley Suite 647
East Margaret, FL 82728');
INSERT INTO Customer VALUES (20, N'Kristen Lewis', N'380-463-7171', N'tonya96@gallagher-walker.com', N'5316 Lopez Lakes Apt. 366
West Dianehaven, MD 52414');
INSERT INTO Customer VALUES (21, N'Tiffany Cannon', N'001-471-324-1025x37178', N'theodore57@dennis-francis.com', N'9940 Joseph Corner
Port Scottmouth, CA 68245');
INSERT INTO Customer VALUES (22, N'Stephanie Newman', N'580.890.4365x372', N'nelsonmark@saunders-cole.biz', N'0749 Paul Ford
New Melanieton, KY 90454');
INSERT INTO Customer VALUES (23, N'Michelle Ross', N'001-741-471-6003x603', N'nicholaslloyd@gmail.com', N'Unit 1188 Box 0991
DPO AA 31566');
INSERT INTO Customer VALUES (24, N'David Mcdonald', N'436.491.3869x62733', N'zprice@weber-white.com', N'33309 Gallagher Harbors
South Carlyshire, WA 94878');
INSERT INTO Customer VALUES (25, N'Daniel Huffman', N'(270)897-7838', N'srussell@salinas-ward.org', N'849 Robert Mountain Suite 955
Michellechester, MA 36727');
INSERT INTO Customer VALUES (26, N'Glenn Gallagher', N'(454)914-5268', N'oreed@lam.com', N'641 Paul Trail Suite 365
West Brittanyborough, AR 05183');
INSERT INTO Customer VALUES (27, N'Laura Estrada', N'(103)252-7720x8509', N'vangtimothy@scott.biz', N'0994 Richard Via
Gregoryport, TX 31089');
INSERT INTO Customer VALUES (28, N'Yvonne Avila', N'001-871-387-1439x348', N'zyoung@leblanc-smith.com', N'284 Joanna Cliffs
New Jesus, SC 88408');
INSERT INTO Customer VALUES (29, N'Brad Johnson', N'909-936-3075', N'davischristina@hotmail.com', N'USNS Morris
FPO AE 93615');
INSERT INTO Customer VALUES (30, N'Shannon Nelson', N'+1-608-737-4122x5178', N'kaitlinwilson@hotmail.com', N'719 Megan Divide Suite 501
Lake Stephanieburgh, VT 85867');
INSERT INTO Customer VALUES (31, N'Gerald Keller', N'001-921-042-1068x692', N'jondavis@fletcher.com', N'7895 Garcia Meadows Apt. 289
Lake Kyleton, ID 18891');
INSERT INTO Customer VALUES (32, N'Jeremy May', N'0343809206', N'krystal80@gmail.com', N'2768 Murray Parkways Apt. 088
Barnesmouth, SC 58476');
INSERT INTO Customer VALUES (33, N'Daniel Short', N'(524)244-2212', N'jamesfoster@yahoo.com', N'2017 John Common
North Amyton, AR 47934');
INSERT INTO Customer VALUES (34, N'Laura Griffin', N'001-656-701-4880x73905', N'hannahaguilar@gmail.com', N'57833 Ryan Causeway Apt. 217
Brandonshire, NE 21885');
INSERT INTO Customer VALUES (35, N'Cindy Castaneda', N'(671)384-3811x4768', N'taylorkimberly@hotmail.com', N'19444 Robert Viaduct
West Tina, MI 50112');
INSERT INTO Customer VALUES (36, N'Gene Thomas', N'447.664.9685x714', N'kpatterson@anderson.com', N'256 Dunn Cliff
West Stephanie, GA 86927');
INSERT INTO Customer VALUES (37, N'Jessica Castro', N'542.858.0062', N'charles63@mitchell.com', N'388 Klein Causeway
Mackfort, OK 73328');
INSERT INTO Customer VALUES (38, N'Angelica Schroeder', N'(449)748-2165', N'powellkelly@brooks.com', N'79214 James Estate Apt. 637
New Bradley, PA 81946');
INSERT INTO Customer VALUES (39, N'Russell Gillespie', N'(317)699-5953', N'chelsea86@cook.com', N'7352 Jonathan Junction Suite 045
West Brianna, NV 69238');
INSERT INTO Customer VALUES (40, N'David Mcgrath', N'363.256.6656x705', N'brandon22@gmail.com', N'8374 Gregory Oval Apt. 898
East Alexander, MD 22874');
INSERT INTO Customer VALUES (41, N'Katherine Taylor', N'+1-797-501-3454x84598', N'jkirk@bruce.info', N'2806 Smith Vista Suite 281
Kimchester, OR 06875');
INSERT INTO Customer VALUES (42, N'Diana Montoya', N'(646)534-1061x84619', N'stevenferrell@yahoo.com', N'4377 Rhonda Bridge
Christinestad, WV 56609');
INSERT INTO Customer VALUES (43, N'Alexandra Brown MD', N'361-194-4301x6914', N'william27@little.com', N'09668 Delacruz Trafficway
Debraview, ID 97834');
INSERT INTO Customer VALUES (44, N'Erin Richardson', N'0907841060', N'acastaneda@yahoo.com', N'3182 John Isle
New Leah, AK 16197');
INSERT INTO Customer VALUES (45, N'Lori Brown', N'025.588.3052x3163', N'allenian@cook-reynolds.info', N'548 Julie Flats Apt. 930
Caitlynfort, VA 09768');
INSERT INTO Customer VALUES (46, N'Tracy Jones', N'+1-969-869-8381x9016', N'rebeccarichardson@dixon.com', N'077 Heather Harbors Suite 800
Johnsontown, AK 86432');
INSERT INTO Customer VALUES (47, N'John Wiggins', N'+1-201-189-7512x02595', N'lisahunter@king.com', N'654 Rhonda Groves Apt. 905
Brittanyfurt, AK 03111');
INSERT INTO Customer VALUES (48, N'Keith Olsen', N'001-803-705-7378x252', N'nguyenheather@gmail.com', N'13203 Scott Oval
New Danielburgh, WA 76187');
INSERT INTO Customer VALUES (49, N'Ashley Mccarty', N'362-858-7146', N'hughessally@french.com', N'1420 Shannon Meadows
East Kellyberg, WV 93984');
INSERT INTO Customer VALUES (50, N'Donald Owens', N'001-461-906-9967x920', N'chaveztasha@navarro.com', N'134 Martin Ports
Port Timothymouth, OK 20130');
INSERT INTO [Transaction] VALUES (1, 28, 7, '2024-12-17', 3585.26);
INSERT INTO [Transaction] VALUES (2, 19, 9, '2024-12-19', 2346.95);
INSERT INTO [Transaction] VALUES (3, 48, 9, '2024-11-08', 1418.46);
INSERT INTO [Transaction] VALUES (4, 23, 8, '2025-02-07', 4853.11);
INSERT INTO [Transaction] VALUES (5, 2, 8, '2024-09-27', 2826.59);
INSERT INTO [Transaction] VALUES (6, 40, 6, '2025-04-08', 2674.24);
INSERT INTO [Transaction] VALUES (7, 11, 10, '2024-08-14', 4051.34);
INSERT INTO [Transaction] VALUES (8, 33, 8, '2025-04-17', 4037.49);
INSERT INTO [Transaction] VALUES (9, 11, 1, '2025-06-26', 2561.28);
INSERT INTO [Transaction] VALUES (10, 15, 7, '2025-04-14', 4832.55);
INSERT INTO [Transaction] VALUES (11, 22, 6, '2024-11-24', 2504.35);
INSERT INTO [Transaction] VALUES (12, 47, 10, '2024-08-19', 2160.72);
INSERT INTO [Transaction] VALUES (13, 38, 8, '2025-02-17', 2512.21);
INSERT INTO [Transaction] VALUES (14, 17, 8, '2025-03-20', 3598.38);
INSERT INTO [Transaction] VALUES (15, 10, 3, '2024-07-20', 4425.25);
INSERT INTO [Transaction] VALUES (16, 41, 1, '2024-09-12', 2318.9);
INSERT INTO [Transaction] VALUES (17, 35, 8, '2024-10-15', 4317.22);
INSERT INTO [Transaction] VALUES (18, 35, 9, '2024-12-15', 4830.17);
INSERT INTO [Transaction] VALUES (19, 14, 9, '2024-07-21', 2054.65);
INSERT INTO [Transaction] VALUES (20, 37, 6, '2024-09-29', 3284.3);
INSERT INTO [Transaction] VALUES (21, 33, 9, '2025-03-16', 1773.49);
INSERT INTO [Transaction] VALUES (22, 39, 6, '2024-09-24', 2788.61);
INSERT INTO [Transaction] VALUES (23, 6, 9, '2024-10-11', 2112.27);
INSERT INTO [Transaction] VALUES (24, 2, 1, '2024-07-24', 4678.81);
INSERT INTO [Transaction] VALUES (25, 15, 3, '2025-02-22', 2568.77);
INSERT INTO [Transaction] VALUES (26, 35, 8, '2025-02-24', 4370.54);
INSERT INTO [Transaction] VALUES (27, 1, 2, '2024-09-23', 2645.22);
INSERT INTO [Transaction] VALUES (28, 34, 3, '2024-09-23', 1255.02);
INSERT INTO [Transaction] VALUES (29, 17, 5, '2024-12-17', 3090.72);
INSERT INTO [Transaction] VALUES (30, 40, 5, '2025-03-17', 3115.6);
INSERT INTO [Transaction] VALUES (31, 32, 3, '2024-08-17', 1177.85);
INSERT INTO [Transaction] VALUES (32, 45, 4, '2024-11-02', 1071.63);
INSERT INTO [Transaction] VALUES (33, 40, 7, '2024-09-04', 4266.11);
INSERT INTO [Transaction] VALUES (34, 23, 3, '2025-01-17', 2324.55);
INSERT INTO [Transaction] VALUES (35, 23, 8, '2025-05-21', 4618.09);
INSERT INTO [Transaction] VALUES (36, 19, 2, '2024-12-05', 3721.92);
INSERT INTO [Transaction] VALUES (37, 17, 3, '2024-07-05', 4175.46);
INSERT INTO [Transaction] VALUES (38, 39, 10, '2024-09-08', 3469.37);
INSERT INTO [Transaction] VALUES (39, 30, 9, '2024-10-31', 1866.43);
INSERT INTO [Transaction] VALUES (40, 40, 8, '2025-01-02', 3522.18);
INSERT INTO [Transaction] VALUES (41, 1, 9, '2025-05-11', 2564.79);
INSERT INTO [Transaction] VALUES (42, 28, 5, '2025-04-15', 1074.19);
INSERT INTO [Transaction] VALUES (43, 22, 5, '2025-06-01', 3848.79);
INSERT INTO [Transaction] VALUES (44, 39, 8, '2025-01-30', 2007.16);
INSERT INTO [Transaction] VALUES (45, 38, 7, '2025-07-03', 3328.31);
INSERT INTO [Transaction] VALUES (46, 35, 1, '2024-09-02', 3962.79);
INSERT INTO [Transaction] VALUES (47, 29, 6, '2025-03-23', 1320.16);
INSERT INTO [Transaction] VALUES (48, 2, 8, '2024-08-23', 3160.69);
INSERT INTO [Transaction] VALUES (49, 18, 6, '2025-04-11', 1187.32);
INSERT INTO [Transaction] VALUES (50, 20, 5, '2024-08-18', 1571.94);
INSERT INTO Mobile VALUES (N'IMEI9783726', 11, N'Sold', 11, 353.23);
INSERT INTO Mobile VALUES (N'IMEI6664424', 32, N'Available', 11, 270.68);
INSERT INTO Mobile VALUES (N'IMEI4937854', 19, N'Sold', 15, 950.19);
INSERT INTO Mobile VALUES (N'IMEI4143669', 23, N'Available', 19, 477.95);
INSERT INTO Mobile VALUES (N'IMEI1231210', 9, N'Available', 8, 378.13);
INSERT INTO Mobile VALUES (N'IMEI4427272', 41, N'Sold', 16, 920.0);
INSERT INTO Mobile VALUES (N'IMEI4672357', 28, N'Available', 13, 288.06);
INSERT INTO Mobile VALUES (N'IMEI3901417', 27, N'Sold', 11, 971.6);
INSERT INTO Mobile VALUES (N'IMEI7727087', 12, N'Sold', 6, 517.39);
INSERT INTO Mobile VALUES (N'IMEI7321838', 40, N'Available', 22, 907.51);
INSERT INTO Mobile VALUES (N'IMEI9967732', 8, N'Available', 14, 756.59);
INSERT INTO Mobile VALUES (N'IMEI9800439', 10, N'Available', 15, 217.61);
INSERT INTO Mobile VALUES (N'IMEI9881332', 9, N'Sold', 12, 211.52);
INSERT INTO Mobile VALUES (N'IMEI8497261', 24, N'Sold', 23, 375.06);
INSERT INTO Mobile VALUES (N'IMEI9603558', 34, N'Sold', 14, 679.99);
INSERT INTO Mobile VALUES (N'IMEI5102946', 26, N'Sold', 17, 841.3);
INSERT INTO Mobile VALUES (N'IMEI5697154', 48, N'Available', 8, 586.07);
INSERT INTO Mobile VALUES (N'IMEI8030464', 37, N'Sold', 21, 513.26);
INSERT INTO Mobile VALUES (N'IMEI6725891', 20, N'Sold', 10, 751.14);
INSERT INTO Mobile VALUES (N'IMEI1888583', 26, N'Available', 15, 740.15);
INSERT INTO Mobile VALUES (N'IMEI3698217', 12, N'Sold', 21, 482.58);
INSERT INTO Mobile VALUES (N'IMEI5350110', 49, N'Sold', 22, 513.68);
INSERT INTO Mobile VALUES (N'IMEI2061729', 13, N'Sold', 16, 289.39);
INSERT INTO Mobile VALUES (N'IMEI6235577', 5, N'Sold', 16, 720.21);
INSERT INTO Mobile VALUES (N'IMEI2495819', 37, N'Available', 12, 956.86);
INSERT INTO Mobile VALUES (N'IMEI1896694', 43, N'Sold', 22, 415.1);
INSERT INTO Mobile VALUES (N'IMEI6479892', 40, N'Sold', 13, 719.46);
INSERT INTO Mobile VALUES (N'IMEI7307632', 8, N'Available', 9, 561.84);
INSERT INTO Mobile VALUES (N'IMEI6915105', 4, N'Available', 16, 448.25);
INSERT INTO Mobile VALUES (N'IMEI6454031', 3, N'Sold', 6, 606.47);
INSERT INTO Mobile VALUES (N'IMEI5993379', 40, N'Available', 7, 883.98);
INSERT INTO Mobile VALUES (N'IMEI6718096', 23, N'Available', 16, 423.54);
INSERT INTO Mobile VALUES (N'IMEI8067049', 31, N'Sold', 11, 552.71);
INSERT INTO Mobile VALUES (N'IMEI4910789', 25, N'Sold', 15, 443.32);
INSERT INTO Mobile VALUES (N'IMEI4232451', 12, N'Sold', 6, 808.04);
INSERT INTO Mobile VALUES (N'IMEI9420861', 8, N'Sold', 24, 788.85);
INSERT INTO Mobile VALUES (N'IMEI8221072', 9, N'Available', 10, 979.45);
INSERT INTO Mobile VALUES (N'IMEI6249429', 16, N'Available', 17, 343.41);
INSERT INTO Mobile VALUES (N'IMEI6371069', 31, N'Sold', 12, 973.47);
INSERT INTO Mobile VALUES (N'IMEI4264815', 9, N'Sold', 16, 336.6);
INSERT INTO Mobile VALUES (N'IMEI5854454', 26, N'Available', 20, 747.16);
INSERT INTO Mobile VALUES (N'IMEI4874393', 28, N'Available', 6, 825.69);
INSERT INTO Mobile VALUES (N'IMEI1519792', 32, N'Sold', 8, 975.43);
INSERT INTO Mobile VALUES (N'IMEI4633510', 11, N'Sold', 10, 969.01);
INSERT INTO Mobile VALUES (N'IMEI7474983', 20, N'Sold', 8, 693.38);
INSERT INTO Mobile VALUES (N'IMEI6638091', 38, N'Available', 11, 547.71);
INSERT INTO Mobile VALUES (N'IMEI1514437', 43, N'Available', 9, 361.75);
INSERT INTO Mobile VALUES (N'IMEI3065664', 26, N'Available', 13, 795.22);
INSERT INTO Mobile VALUES (N'IMEI3400905', 21, N'Available', 7, 599.55);
INSERT INTO Mobile VALUES (N'IMEI8965960', 47, N'Available', 18, 719.97);
INSERT INTO Mobile VALUES (N'IMEI4840050', 37, N'Sold', 17, 818.71);
INSERT INTO Mobile VALUES (N'IMEI5082233', 34, N'Available', 23, 387.09);
INSERT INTO Mobile VALUES (N'IMEI8648581', 44, N'Sold', 12, 314.21);
INSERT INTO Mobile VALUES (N'IMEI3437089', 21, N'Sold', 20, 204.43);
INSERT INTO Mobile VALUES (N'IMEI7902264', 46, N'Available', 19, 697.64);
INSERT INTO Mobile VALUES (N'IMEI4684611', 24, N'Available', 24, 267.16);
INSERT INTO Mobile VALUES (N'IMEI9074327', 38, N'Available', 19, 508.29);
INSERT INTO Mobile VALUES (N'IMEI9494510', 45, N'Sold', 15, 479.5);
INSERT INTO Mobile VALUES (N'IMEI4576509', 26, N'Sold', 13, 930.33);
INSERT INTO Mobile VALUES (N'IMEI1727985', 46, N'Sold', 12, 408.99);
INSERT INTO Mobile VALUES (N'IMEI1758922', 4, N'Available', 16, 345.82);
INSERT INTO Mobile VALUES (N'IMEI9554718', 21, N'Available', 9, 206.87);
INSERT INTO Mobile VALUES (N'IMEI9989822', 48, N'Sold', 17, 723.53);
INSERT INTO Mobile VALUES (N'IMEI7383359', 7, N'Sold', 20, 624.66);
INSERT INTO Mobile VALUES (N'IMEI1239118', 17, N'Sold', 11, 469.96);
INSERT INTO Mobile VALUES (N'IMEI1201455', 50, N'Sold', 10, 858.11);
INSERT INTO Mobile VALUES (N'IMEI7970669', 13, N'Sold', 13, 499.92);
INSERT INTO Mobile VALUES (N'IMEI2757869', 18, N'Sold', 19, 344.72);
INSERT INTO Mobile VALUES (N'IMEI8951580', 2, N'Available', 9, 219.32);
INSERT INTO Mobile VALUES (N'IMEI2161037', 31, N'Available', 13, 246.41);
INSERT INTO Mobile VALUES (N'IMEI6297036', 23, N'Available', 10, 505.22);
INSERT INTO Mobile VALUES (N'IMEI7419374', 1, N'Sold', 10, 758.15);
INSERT INTO Mobile VALUES (N'IMEI3304319', 49, N'Sold', 21, 313.33);
INSERT INTO Mobile VALUES (N'IMEI9110795', 8, N'Available', 10, 783.46);
INSERT INTO Mobile VALUES (N'IMEI1231806', 29, N'Sold', 24, 830.82);
INSERT INTO Mobile VALUES (N'IMEI6314045', 35, N'Available', 20, 989.92);
INSERT INTO Mobile VALUES (N'IMEI7056129', 14, N'Available', 13, 677.44);
INSERT INTO Mobile VALUES (N'IMEI7234963', 50, N'Sold', 20, 333.38);
INSERT INTO Mobile VALUES (N'IMEI9147852', 24, N'Sold', 10, 692.77);
INSERT INTO Mobile VALUES (N'IMEI5911134', 49, N'Available', 13, 465.66);
INSERT INTO Mobile VALUES (N'IMEI9837346', 18, N'Sold', 13, 922.51);
INSERT INTO Mobile VALUES (N'IMEI6305281', 13, N'Available', 19, 792.03);
INSERT INTO Mobile VALUES (N'IMEI5146643', 8, N'Sold', 12, 324.72);
INSERT INTO Mobile VALUES (N'IMEI3832578', 45, N'Sold', 13, 296.88);
INSERT INTO Mobile VALUES (N'IMEI5373765', 16, N'Available', 17, 828.35);
INSERT INTO Mobile VALUES (N'IMEI7598495', 18, N'Sold', 20, 826.18);
INSERT INTO Mobile VALUES (N'IMEI3790424', 9, N'Sold', 17, 625.25);
INSERT INTO Mobile VALUES (N'IMEI4816241', 21, N'Available', 12, 594.1);
INSERT INTO Mobile VALUES (N'IMEI3186958', 17, N'Sold', 7, 746.92);
INSERT INTO Mobile VALUES (N'IMEI6810736', 46, N'Sold', 9, 494.37);
INSERT INTO Mobile VALUES (N'IMEI7059546', 11, N'Available', 24, 729.32);
INSERT INTO Mobile VALUES (N'IMEI8905640', 17, N'Available', 10, 399.64);
INSERT INTO Mobile VALUES (N'IMEI5823057', 45, N'Available', 11, 384.12);
INSERT INTO Mobile VALUES (N'IMEI4220416', 47, N'Sold', 14, 834.64);
INSERT INTO Mobile VALUES (N'IMEI1019609', 29, N'Available', 13, 837.63);
INSERT INTO Mobile VALUES (N'IMEI8663175', 47, N'Sold', 9, 994.49);
INSERT INTO Mobile VALUES (N'IMEI1134453', 19, N'Available', 6, 978.28);
INSERT INTO Mobile VALUES (N'IMEI2561466', 16, N'Available', 10, 941.19);
INSERT INTO Mobile VALUES (N'IMEI6669093', 44, N'Available', 14, 694.32);
INSERT INTO Mobile VALUES (N'IMEI1091754', 36, N'Available', 9, 635.05);
INSERT INTO Sales VALUES (1, N'IMEI8951580', '2025-01-28', 853.98, 32);
INSERT INTO Sales VALUES (2, N'IMEI2561466', '2024-07-29', 978.14, 30);
INSERT INTO Sales VALUES (3, N'IMEI1019609', '2025-03-12', 873.03, 27);
INSERT INTO Sales VALUES (4, N'IMEI4264815', '2025-06-13', 923.25, 40);
INSERT INTO Sales VALUES (5, N'IMEI7307632', '2024-12-09', 714.57, 1);
INSERT INTO Sales VALUES (6, N'IMEI6305281', '2024-12-08', 374.04, 28);
INSERT INTO Sales VALUES (7, N'IMEI2495819', '2025-05-10', 364.28, 47);
INSERT INTO Sales VALUES (8, N'IMEI6718096', '2025-05-17', 694.78, 50);
INSERT INTO Sales VALUES (9, N'IMEI9420861', '2025-02-01', 379.03, 24);
INSERT INTO Sales VALUES (10, N'IMEI1231210', '2024-10-30', 904.09, 44);
INSERT INTO Sales VALUES (11, N'IMEI3437089', '2024-08-03', 884.45, 29);
INSERT INTO Sales VALUES (12, N'IMEI6297036', '2024-10-28', 965.99, 47);
INSERT INTO Sales VALUES (13, N'IMEI7727087', '2025-04-13', 656.95, 11);
INSERT INTO Sales VALUES (14, N'IMEI7056129', '2024-11-23', 398.14, 23);
INSERT INTO Sales VALUES (15, N'IMEI2061729', '2025-05-29', 375.67, 43);
INSERT INTO Sales VALUES (16, N'IMEI7307632', '2025-04-29', 692.51, 38);
INSERT INTO Sales VALUES (17, N'IMEI9494510', '2024-08-19', 875.47, 31);
INSERT INTO Sales VALUES (18, N'IMEI1239118', '2025-04-01', 936.41, 4);
INSERT INTO Sales VALUES (19, N'IMEI6638091', '2025-04-24', 529.63, 31);
INSERT INTO Sales VALUES (20, N'IMEI3698217', '2024-12-13', 861.47, 49);
INSERT INTO Sales VALUES (21, N'IMEI6638091', '2025-03-30', 433.44, 7);
INSERT INTO Sales VALUES (22, N'IMEI1231210', '2025-02-08', 623.96, 37);
INSERT INTO Sales VALUES (23, N'IMEI3304319', '2024-11-26', 922.76, 3);
INSERT INTO Sales VALUES (24, N'IMEI6235577', '2024-11-17', 888.52, 3);
INSERT INTO Sales VALUES (25, N'IMEI1239118', '2024-10-15', 448.21, 41);
INSERT INTO Sales VALUES (26, N'IMEI4672357', '2025-06-12', 585.03, 25);
INSERT INTO Sales VALUES (27, N'IMEI9554718', '2025-05-06', 685.45, 22);
INSERT INTO Sales VALUES (28, N'IMEI9783726', '2025-05-11', 862.18, 35);
INSERT INTO Sales VALUES (29, N'IMEI9420861', '2025-02-15', 684.92, 28);
INSERT INTO Sales VALUES (30, N'IMEI6371069', '2025-04-15', 675.04, 2);
INSERT INTO Sales VALUES (31, N'IMEI1091754', '2025-07-03', 870.34, 28);
INSERT INTO Sales VALUES (32, N'IMEI4816241', '2025-04-27', 685.17, 22);
INSERT INTO Sales VALUES (33, N'IMEI4427272', '2024-10-20', 704.48, 6);
INSERT INTO Sales VALUES (34, N'IMEI6454031', '2025-03-05', 941.33, 32);
INSERT INTO Sales VALUES (35, N'IMEI1896694', '2024-08-30', 614.07, 46);
INSERT INTO Sales VALUES (36, N'IMEI5146643', '2024-09-08', 670.26, 30);
INSERT INTO Sales VALUES (37, N'IMEI4672357', '2024-08-11', 888.08, 10);
INSERT INTO Sales VALUES (38, N'IMEI6718096', '2024-07-06', 921.9, 27);
INSERT INTO Sales VALUES (39, N'IMEI6235577', '2024-12-15', 562.47, 15);
INSERT INTO Sales VALUES (40, N'IMEI5823057', '2024-08-21', 412.3, 17);
INSERT INTO Sales VALUES (41, N'IMEI9881332', '2025-01-16', 418.86, 21);
INSERT INTO Sales VALUES (42, N'IMEI9837346', '2024-08-20', 846.79, 8);
INSERT INTO Sales VALUES (43, N'IMEI7727087', '2025-05-01', 950.78, 49);
INSERT INTO Sales VALUES (44, N'IMEI5697154', '2024-08-03', 484.44, 6);
INSERT INTO Sales VALUES (45, N'IMEI1201455', '2024-07-08', 789.99, 32);
INSERT INTO Sales VALUES (46, N'IMEI7902264', '2024-12-30', 751.27, 46);
INSERT INTO Sales VALUES (47, N'IMEI7059546', '2024-08-11', 373.72, 32);
INSERT INTO Sales VALUES (48, N'IMEI4633510', '2025-04-28', 504.4, 20);
INSERT INTO Sales VALUES (49, N'IMEI9420861', '2025-06-12', 995.37, 8);
INSERT INTO Sales VALUES (50, N'IMEI5146643', '2025-04-14', 333.1, 41);